{"cameraMode":{"drawMode":0,"name":"Shaded","section":"Shading Mode"},"sceneLighting":false,"audioPlay":false,"sceneViewState":{"showFog":false,"showMaterialUpdate":false,"showSkybox":false,"showFlares":false,"showImageEffects":false,"showParticleSystems":false},"in2DMode":false,"pivot":{"x":753.6100463867188,"y":397.11810302734377,"z":180.75},"rotation":{"x":0.002999849384650588,"y":0.003000010037794709,"z":-0.000009058577234100085,"w":0.9999913573265076},"size":824.101318359375,"orthographic":true}