{"cameraMode":{"drawMode":0,"name":"Shaded","section":"Shading Mode"},"sceneLighting":false,"audioPlay":false,"sceneViewState":{"showFog":false,"showMaterialUpdate":false,"showSkybox":false,"showFlares":false,"showImageEffects":false,"showParticleSystems":false},"in2DMode":false,"pivot":{"x":0.21346986293792725,"y":0.06765110790729523,"z":-0.2527535855770111},"rotation":{"x":0.13607816398143769,"y":-0.4911586046218872,"z":0.07800368964672089,"w":0.8568325042724609},"size":3.6907951831817629,"orthographic":true}