{"cameraMode":{"drawMode":0,"name":"Shaded","section":"Shading Mode"},"sceneLighting":false,"audioPlay":false,"sceneViewState":{"showFog":false,"showMaterialUpdate":false,"showSkybox":false,"showFlares":false,"showImageEffects":false,"showParticleSystems":false},"in2DMode":false,"pivot":{"x":14.995025634765625,"y":4.31809139251709,"z":2.893378734588623},"rotation":{"x":0.15104302763938905,"y":-0.46798190474510195,"z":0.08153736591339112,"w":0.866909384727478},"size":4.705437660217285,"orthographic":true}